<?xml version="1.0" encoding="UTF-8"?>
<userlist>
	<user>
		<id>ssafy</id>
		<pwd>1234</pwd>
		<name>관리자</name>
		<email>ssafy@ssafy.com</email>
		<phone>01012345678</phone>
	</user>
    <user>
		<id>kim</id>
		<pwd>1111</pwd>
		<name>김싸피</name>
		<email>kim@naver.com</email>
		<phone>01099991111</phone>
	</user>
    <user>
		<id>park</id>
		<pwd>2222</pwd>
		<name>박싸피</name>
		<email>park@google.com</email>
		<phone>01088882222</phone>
	</user>
    <user>
		<id>wonji</id>
		<pwd>9888</pwd>
		<name>원지연</name>
		<email>yh3347@naver.com</email>
		<phone>01093009888</phone>
	</user>
</userlist>