<?xml version="1.0" encoding="UTF-8" ?>
<!DOCTYPE mapper PUBLIC "-//mybatis.org//DTD Mapper 3.0//EN" 
	"http://mybatis.org/dtd/mybatis-3-mapper.dtd">

<mapper namespace="com.ssafy.happyhouse.model.mapper.AddressMapper">

	<select id="getSido" parameterType="map" resultType="AddressDto">
		select sido_name sidoName
		from sidocode
		order by sidoName
	</select>
	
	<select id="getGugunInSido" parameterType="map" resultType="AddressDto">
		select gugun_name gugunName, sido_name sidoName
		from guguncode d join sidocode s
		on left(d.gugun_code,2) = left(s.sido_code,2)
		where s.sido_name = #{sido}
		order by gugunName
	</select>
	
	<select id="getDongInGugun" parameterType="map" resultType="AddressDto">
		select dong dongName
		from dongcode
		where gugun = #{gugun}
		order by dongName
	</select>
	
	<!--
	<select id="getAptInDong" parameterType="map" resultType="HouseInfoDto">
		SELECT d.no as no, dong, aptName, code, dealAmount, buildYear, area, floor
		FROM apartdeal d INNER JOIN apartinfo i ON d.apart_no = i.no
		WHERE dong = #{dong}
		ORDER BY no Limit 9
	</select>
	-->
	
		
</mapper>