<?xml version="1.0" encoding="UTF-8" ?>
<!DOCTYPE mapper PUBLIC "-//mybatis.org//DTD Mapper 3.0//EN" 
	"http://mybatis.org/dtd/mybatis-3-mapper.dtd">

<mapper namespace="com.ssafy.happyhouse.model.mapper.BoardMapper">
	
	<select id="read" parameterType="map" resultType="BoardDto">
		select no, title, content, postdate, views, authorId, type
		from board
		where no = #{no};
	</select>
	
	<insert id="write">
		insert into board(title, content, authorId, type)
		values (#{title}, #{content}, #{authorId}, #{type})
	</insert>
	
	<update id="update">
		update board
		set title = #{title}, content = #{content}, postdate = current_timestamp
		where no = #{no}
	</update>
	
	<delete id="delete" parameterType="map">
		delete from board
		where no = #{no}
	</delete>
	
	<update id="addView">
		update board
		set views = views + 1
		where no = #{no}
	</update>
	
	<select id="getBoards" parameterType="map" resultType="BoardDto">
		select no, title, content, postdate, views, authorId, type
		from board
	</select>

</mapper>