<?xml version="1.0" encoding="UTF-8" ?>
<!DOCTYPE mapper PUBLIC "-//mybatis.org//DTD Mapper 3.0//EN" 
	"http://mybatis.org/dtd/mybatis-3-mapper.dtd">

<mapper namespace="com.ssafy.happyhouse.model.mapper.GoodMapper">
	
	<select id="getGoodIdList" parameterType="map" resultType="string">
		select memberId
		from good
		where sido = #{sido} and gugun = #{gugun} and dong = #{dong} and AptName = #{aptName} and buildYear = #{buildYear} and jibun = #{jibun}
	</select>
	
	<insert id="addGood">
		insert into good(sido, gugun, dong, AptName, buildYear, jibun, memberId)
		values (#{sido}, #{gugun}, #{dong}, #{aptName}, #{buildYear}, #{jibun}, #{memberId})
	</insert>
	
	<delete id="deleteGood" parameterType="map">
		delete from good
		where sido = #{sido} and gugun = #{gugun} and dong = #{dong} and AptName = #{aptName} and buildYear = #{buildYear} and jibun = #{jibun} and memberId = #{memberId}
	</delete>
	
	<select id="myGoodList" parameterType="map" resultType="HouseInfoDto">
		select g.dong dong, g.AptName aptName, h.code code, g.buildYear buildYear, g.jibun jibun, h.type type
		from good g join housedeal h on g.dong = h.dong and g.AptName = h.AptName and g.buildYear = h.buildYear and g.jibun = h.jibun
		where memberId = #{memberId}
		group by g.dong, g.AptName, h.code, g.buildYear, g.jibun, h.type
	</select>
	
	<select id="checkGood" parameterType="map" resultType="int">
		select count(*)
		from good
		where sido = #{sido} and gugun = #{gugun} and dong = #{dong} and AptName = #{aptName} and buildYear = #{buildYear} and jibun = #{jibun} and memberId = #{memberId}
	</select>

</mapper>