<?xml version="1.0" encoding="UTF-8" ?>
<!DOCTYPE mapper PUBLIC "-//mybatis.org//DTD Mapper 3.0//EN" 
	"http://mybatis.org/dtd/mybatis-3-mapper.dtd">

<mapper namespace="com.ssafy.happyhouse.model.mapper.HouseMapper">
	<select id="getHouse" parameterType="map" resultType="HouseInfoDto">
		<![CDATA[
		SELECT * FROM (
	    SELECT 
	    no, h.dong dong, aptName, code, TRIM(REPLACE(dealAmount, ',', '')) as dealAmount, buildYear, area, floor, jibun, type, concat(d.city, ' ', d.gugun, ' ', h.dong, ' ', jibun, ' ', aptName) address,
		concat(dealYear, IF(LENGTH(dealMonth) < 2, concat('0', dealMonth), dealMonth), IF(LENGTH(dealDay) < 2, concat('0', dealDay), dealDay)) as dealDate,
	    ROW_NUMBER() OVER (PARTITION BY jibun ORDER BY concat(dealYear, IF(LENGTH(dealMonth) < 2, concat('0', dealMonth), dealMonth), IF(LENGTH(dealDay) < 2, concat('0', dealDay), dealDay)) DESC) AS RankNo
	    FROM houseDeal h join dongcode d on h.dong = d.dong and h.code = left(d.dongcode, 5)
	    WHERE h.dong = #{dong}
		) T
		WHERE RankNo = 1
		]]>
	</select>
	
	
	<select id="getHouseOption" parameterType="map" resultType="HouseInfoDto">
		<![CDATA[
		SELECT * FROM (
	    SELECT 
	    no, h.dong dong, aptName, code, TRIM(REPLACE(dealAmount, ',', '')) as dealAmount, buildYear, area, floor, jibun, type, concat(d.city, ' ', d.gugun, ' ', h.dong, ' ', jibun, ' ', aptName) address,
		concat(dealYear, IF(LENGTH(dealMonth) < 2, concat('0', dealMonth), dealMonth), IF(LENGTH(dealDay) < 2, concat('0', dealDay), dealDay)) as dealDate,
	    ROW_NUMBER() OVER (PARTITION BY jibun ORDER BY concat(dealYear, IF(LENGTH(dealMonth) < 2, concat('0', dealMonth), dealMonth), IF(LENGTH(dealDay) < 2, concat('0', dealDay), dealDay)) DESC) AS RankNo
	    FROM housedeal h join dongcode d on h.dong = d.dong and h.code = left(d.dongcode, 5)
	    WHERE h.dong = #{dong}
	    AND area BETWEEN #{startArea} AND #{endArea}
	    AND TRIM(REPLACE(dealAmount, ',', '')) BETWEEN #{startPrice} AND #{endPrice}
	    AND aptName like CONCAT('%',#{name},'%')
		) T
		WHERE RankNo = 1
		]]>
	</select>
	
	<select id="getHouseDetail" parameterType="map" resultType="HouseInfoDto">
		<![CDATA[
		SELECT 
		no, h1.dong dong, h1.aptName, h1.code, TRIM(REPLACE(h1.dealAmount, ',', '')) as dealAmount, h1.buildYear, h1.area, h1.floor, h1.jibun, h1.type, concat(d.city, ' ', d.gugun, ' ', h1.dong, ' ', h1.jibun, ' ', h1.aptName) address,
		concat(h1.dealYear, IF(LENGTH(h1.dealMonth) < 2, concat('0', h1.dealMonth), h1.dealMonth), IF(LENGTH(h1.dealDay) < 2, concat('0', h1.dealDay), h1.dealDay)) as dealDate
		FROM houseDeal h1 join dongcode d on h1.dong = d.dong and h1.code = left(d.dongcode, 5), (SELECT aptName, code, jibun From housedeal WHERE no = #{no}) as h2 
		where h1.aptName = h2.aptName and h1.code = h2.code and h1.jibun = h2.jibun
		ORDER BY dealDate Desc
		LIMIT 10
		]]>
	</select>
	
	<insert id="insertHouse" parameterType="java.util.List">
	    INSERT INTO housedeal (dong, AptName, code, dealAmount, buildYear, dealYear, dealMonth, dealDay, area, floor, jibun, type)
	    VALUES
	    <foreach collection="list" index="index" item="item" separator=",">
	        (#{item.dong}, #{item.aptName}, #{item.code}, format(#{item.dealAmount}, 0), #{item.buildYear}, SUBSTRING_INDEX(#{item.dealDate}, '-', 1), SUBSTRING(SUBSTRING_INDEX(#{item.dealDate}, '-', 2) FROM 6), SUBSTRING_INDEX(#{item.dealDate}, '-', -1), #{item.area}, #{item.floor}, #{item.jibun}, #{item.type})
	    </foreach>
	</insert>
	
		
</mapper>