<?xml version="1.0" encoding="UTF-8" ?>
<!DOCTYPE mapper PUBLIC "-//mybatis.org//DTD Mapper 3.0//EN" 
	"http://mybatis.org/dtd/mybatis-3-mapper.dtd">

<mapper namespace="com.ssafy.happyhouse.model.mapper.MemberMapper">
	
	<select id="signin" parameterType="map" resultType="MemberDto">
		select id, pw, name, email, phone, gender, birthdate, address, regdate, type
		from member
		where id = #{id} and pw = #{pw}
	</select>
	
	<insert id="signup">
		insert into member(id, pw, name, email, phone, gender, birthdate, address, regdate, type)
		values (#{id}, #{pw}, #{name}, #{email}, #{phone}, #{gender}, #{birthdate}, #{address}, curdate(), #{type})
	</insert>
	
	<update id="update">
		update member
		set pw = #{pw}, name = #{name}, email = #{email}, phone = #{phone}, gender = #{gender},
		birthdate = #{birthdate}, address = #{address}
		where id = #{id}
	</update>
	
	<delete id="delete" parameterType="map">
		delete from member
		where id = #{id}
	</delete>
	
	<select id="checkId" parameterType="map" resultType="int">
		select count(*)
		from member
		where id = #{id}
	</select>
	
	<update id="updateToken">
		update member
		set token = #{token}
		where id = #{id}
	</update>
	
	<select id="getToken" parameterType="map" resultType="string">
		select token
		from member
		where id = #{id}
	</select>

</mapper>